[
  {
    "number": null,
    "date": null,
    "SUJET": null,
    "Envoi": null,
    "Ouv": null,
    "OuvPorcentage": null,
    "Clics": null,
    "ClickPorcentage": null,
    "Ventes": null,
    "Porcentage": " "
  },
  {
    "number": "#1",
    "date": "2020-02-20",
    "SUJET": "Mangez-vous parfois vos mots ?",
    "Envoi": "8450",
    "Ouv": "1048",
    "OuvPorcentage": "12.4%",
    "Clics": "245",
    "ClickPorcentage": "23.4%",
    "Ventes": "12",
    "Porcentage": "4.9% "
  },
  {
    "number": "#2",
    "date": "2020-02-21",
    "SUJET": "Quand soudain tout devient plus clair.",
    "Envoi": "8399",
    "Ouv": "958",
    "OuvPorcentage": "11.4%",
    "Clics": "154",
    "ClickPorcentage": "16.1%",
    "Ventes": "5",
    "Porcentage": "3.2% "
  },
  {
    "number": "#3",
    "date": "2020-02-22",
    "SUJET": "Découvrez comment maîtriser votre débit pour…",
    "Envoi": "8389",
    "Ouv": "573",
    "OuvPorcentage": "6.8%",
    "Clics": "110",
    "ClickPorcentage": "19.2%",
    "Ventes": "6",
    "Porcentage": "5.5% "
  },
  {
    "number": "#4",
    "date": "2020-02-23",
    "SUJET": "90% des gens qui parlent vite n’obtiendront pas…",
    "Envoi": "8374",
    "Ouv": "853",
    "OuvPorcentage": "10.2%",
    "Clics": "104",
    "ClickPorcentage": "12.2%",
    "Ventes": "9",
    "Porcentage": "8.7% "
  },
  {
    "number": "#5",
    "date": "2020-02-24",
    "SUJET": "Parlez vite = ne pas obtenir ce qu'on demande ?",
    "Envoi": "7637",
    "Ouv": "427",
    "OuvPorcentage": "5.6%",
    "Clics": "40",
    "ClickPorcentage": "9.4%",
    "Ventes": "6",
    "Porcentage": "15.0% "
  },
  {
    "number": "#6",
    "date": "2020-02-24",
    "SUJET": "Parler moins vite - Dernier jour de l'offre",
    "Envoi": "8341",
    "Ouv": "625",
    "OuvPorcentage": "7.5%",
    "Clics": "60",
    "ClickPorcentage": "9.6%",
    "Ventes": "5",
    "Porcentage": "8.3% "
  },
  {
    "number": "#7",
    "date": "2020-02-24",
    "SUJET": "Retrait de votre droit dans 6h",
    "Envoi": "8329",
    "Ouv": "759",
    "OuvPorcentage": "9.1%",
    "Clics": "98",
    "ClickPorcentage": "12.9%",
    "Ventes": "19",
    "Porcentage": "19.4% "
  },
  {
    "number": null,
    "date": null,
    "SUJET": null,
    "Envoi": null,
    "Ouv": null,
    "OuvPorcentage": null,
    "Clics": null,
    "ClickPorcentage": null,
    "Ventes": null,
    "Porcentage": " "
  }
]
