[
  {
    "number": "#0",
    "Date": "12-19 mars",
    "SUJET": "Sequence 7 mails Article Diction",
    "Envoi": "11735",
    "Ouv": "3682",
    "porcOuv": "31.4%",
    "Clics": "1142",
    "pourClic": "31.0%",
    "Ventes": "12",
    "porcentage": "1.1% "
  },
  {
    "number": "#1",
    "Date": "2020-03-25",
    "SUJET": "En profiter pour nous muscler ?",
    "Envoi": "11922",
    "Ouv": "1603",
    "porcOuv": "13.4%",
    "Clics": "256",
    "pourClic": "16.0%",
    "Ventes": null,
    "porcentage": "0.0% "
  },
  {
    "number": "#1b",
    "Date": "2020-03-25",
    "SUJET": "En profiter pour nous muscler ?",
    "Envoi": "10646",
    "Ouv": "919",
    "porcOuv": "8.6%",
    "Clics": "124",
    "pourClic": "13.5%",
    "Ventes": "10",
    "porcentage": "8.1% "
  },
  {
    "number": "#2",
    "Date": "2020-03-26",
    "SUJET": "Nous avons été surpris…",
    "Envoi": "11902",
    "Ouv": "1676",
    "porcOuv": "14.1%",
    "Clics": "208",
    "pourClic": "12.4%",
    "Ventes": "4",
    "porcentage": "1.9% "
  },
  {
    "number": "#3",
    "Date": "2020-03-27",
    "SUJET": "Pour bien profiter de la crise : mon tuyau",
    "Envoi": "11887",
    "Ouv": "1451",
    "porcOuv": "12.2%",
    "Clics": "130",
    "pourClic": "9.0%",
    "Ventes": "18",
    "porcentage": "13.8% "
  },
  {
    "number": "#4",
    "Date": "2020-03-28",
    "SUJET": "2 formations pour le prix d une",
    "Envoi": "11867",
    "Ouv": "1331",
    "porcOuv": "11.2%",
    "Clics": "200",
    "pourClic": "15.0%",
    "Ventes": null,
    "porcentage": "0.0% "
  },
  {
    "number": "#5",
    "Date": "2020-03-28",
    "SUJET": "Retrait de votre droit",
    "Envoi": "11852",
    "Ouv": "1946",
    "porcOuv": "16.4%",
    "Clics": "268",
    "pourClic": "13.8%",
    "Ventes": "34",
    "porcentage": "12.7% "
  },
  {
    "number": null,
    "Date": null,
    "SUJET": "TOTAL (sauf sequence Prévente)",
    "Envoi": "11822",
    "Ouv": "3684",
    "porcOuv": "31.2%",
    "Clics": "976",
    "pourClic": "26.5%",
    "Ventes": "78",
    "porcentage": "8.0%"
  }
]
